category	name	url	description	quickUrl
常用工具	语雀	https://www.yuque.com/	专业的云端知识库。	
常用工具	QQ 邮箱	http://mail.qq.com/	腾讯 QQ 邮箱。	
常用工具	开源中国	https://www.oschina.net/	中文开源技术交流社区。	
常用工具	公众号平台	https://mp.weixin.qq.com/	再小的个体也有自己的品牌。	
常用工具	GitHub	https://github.com/	GitHub 开源社区。	
常用工具	在线ps	https://zaixianps.net/	一键p图抠图工具	https://ps.gitapp.cn/
常用工具	房贷计算器	https://fangdai.gitapp.cn	房贷利率计算器	https://fangdaijisuanqi.vip
常用工具	m3u8在线播放器	https://m3u8player.org/	m3u8/hls在线播放	
常用工具	在线工具助手	https://tool.gitapp.cn	一些常见的开发工具	https://fktool.com
常用工具	远程工作	https://yuancheng.works/	远程职位搜索，一搜即达。	https://weixin.sogou.com/
常用工具	知乎	https://www.zhihu.com/	知乎社区。	
常用工具	V2EX	https://www.v2ex.com/	V2EX 创意工作者的社区。	
生物信息	NCBI	https://www.ncbi.nlm.nih.gov/	National Center for Biotechnology Information.	
生物信息	Bioconda	https://anaconda.org/bioconda/	Bioconda :: Anaconda.org.	
生物信息	CPAN	https://metacpan.org/	Search the CPAN.	
生物信息	Gitter Galaxy	https://gitter.im/galaxyproject	Galaxy Gitter Community.	
生物信息	R Project	https://www.r-project.org/	https://www.r-project.org	
生物信息	Bioconductor	http://www.bioconductor.org/	http://www.bioconductor.org	
云服务器	阿里云	https://www.aliyun.com/	上云就上阿里云。	
云服务器	腾讯云	https://cloud.tencent.com/	产业智变，云启未来。	
云服务器	华为云	https://www.huaweicloud.com/	提供云计算服务+智能，见未来-华为云。	
云服务器	云筏科技	https://my.cloudraft.cn/	云筏 - 科研云。	
云服务器	极云普惠云电脑	https://www.ji-cloud.cn/	云电脑-云游戏-手机变电脑软件。	
云服务器	青椒云	https://www.qingjiaocloud.com/	云桌面,一站式云电脑服务平台。	
办公学习	有道词典	https://www.youdao.com/	免费，即时的多语种在线翻译。	
办公学习	有道翻译	http://fanyi.youdao.com/	有道翻译。	
办公学习	谷歌翻译	https://translate.google.cn/	谷歌翻译。	
办公学习	ProcessOn	https://www.processon.com/	免费在线作图、实时协作。	
影音视频	腾讯视频	http://v.qq.com/	腾讯视频，海量视频在线观看。	
影音视频	优酷	http://www.youku.com/	优酷 - 这个世界很酷。	
影音视频	爱奇艺	https://www.iqiyi.com/	爱奇艺在线视频。	
影音视频	哔哩哔哩	https://www.bilibili.com/	Bilibili 视频弹幕网站。	
影音视频	QQ 音乐	https://y.qq.com/	QQ 音乐，在线听歌。	
影音视频	网易云音乐	https://music.163.com/	163 网易云音乐。	
影音视频	电影天堂（DYTT8）	https://www.dytt8.net/index.htm	电影天堂（DYTT8），高清电影下载。	
影音视频	电影天堂（DYGOD）	https://www.dygod.net/	电影天堂（DYGOD），高清电影下载。	
游戏竞技	百度贴吧	#ZgotmplZ	百度贴吧。	
游戏竞技	台服战地	https://ava.mangot5.com/ava/index	台服 AVA 战地之王。	
网盘资源	百度网盘	http://pan.baidu.com/	https://pan.baidu.com/.	
网盘资源	阿里云盘	https://www.aliyundrive.com/	阿里云盘，你的数字世界。	
网盘资源	天翼云盘	https://cloud.189.cn/	家庭云|网盘|文件备份|资源分享。	
网盘资源	坚果云		坚果云官网。	
图标素材	Iconfinder	https://www.iconfinder.com	2,100,000+ free and premium vector icons.	
图标素材	iconfont	http://www.iconfont.cn/	阿里巴巴矢量图标库。	
图标素材	iconmonstr	https://iconmonstr.com/	Free simple icons for your next project.	
图标素材	Icon Archive	http://www.iconarchive.com/	Search 590,912 free icons.	
图标素材	FindIcons	https://findicons.com/	Search through 300,000 free icons.	
图标素材	IcoMoonApp	https://icomoon.io/app/	Icon Font, SVG, PDF &amp; PNG Generator.	
图标素材	easyicon	http://www.easyicon.net/	PNG、ICO、ICNS格式图标搜索、图标下载服务。	
图标素材	flaticon	https://www.flaticon.com/	634,000+ Free vector icons in SVG, PSD, PNG, EPS format or as ICON FONT.	
图标素材	UICloud	http://ui-cloud.com/	The largest user interface design database in the world.	
图标素材	Material icons	https://material.io/icons/	Access over 900 material system icons, available in a variety of sizes and densities, and as a web font.	
图标素材	Font Awesome Icon	https://fontawesome.com/icons/	The complete set of 675 icons in Font Awesome.	
图标素材	ion icons	http://ionicons.com/	The premium icon font for Ionic Framework.	
图标素材	Simpleline Icons	http://simplelineicons.com/	Simple line Icons pack.	
图标设计	Iconsfeed	http://www.iconsfeed.com/	iOS icons gallery.	
图标设计	iOS Icon Gallery	http://iosicongallery.com/	Showcasing beautiful icon designs from the iOS App Store.	
图标设计	World Vector Logo	https://worldvectorlogo.com/	Brand logos free to download.	
图标设计	Instant Logo Search	http://instantlogosearch.com/	Search & download thousands of logos instantly.	
平面素材	freepik	https://www.freepik.com/	More than a million free vectors, PSD, photos and free icons.	
平面素材	wallhalla	https://wallhalla.com/	Find awesome high quality wallpapers for desktop and mobile in one place.	
平面素材	365PSD	https://365psd.com/	Free PSD &amp; Graphics, Illustrations.	
平面素材	Medialoot	https://medialoot.com/	Free &amp; Premium Design Resources &mdash; Medialoot.	
平面素材	千图网	http://www.58pic.com/	专注免费设计素材下载的网站.	
平面素材	千库网	http://588ku.com/	免费 png 图片背景素材下载。	
平面素材	我图网	http://www.ooopic.com/	我图网，提供图片素材及模板下载，专注正版设计作品交易。	
平面素材	90 设计	http://90sheji.com/	电商设计（淘宝美工）千图免费淘宝素材库。	
平面素材	昵图网	http://www.nipic.com/	原创素材共享平台。	
平面素材	懒人图库	http://www.lanrentuku.com/	懒人图库专注于提供网页素材下载。	
平面素材	素材搜索	http://so.ui001.com/	设计素材搜索聚合。	
平面素材	PS 饭团网	http://psefan.com/	不一样的设计素材库！让自己的设计与众不同！	
平面素材	素材中国	http://www.sccnn.com/	免费素材共享平台。	
字体资源	Google Font	https://fonts.google.com/	Making the web more beautiful, fast, and open through great typography.	
字体资源	Typekit	https://typekit.com/	Quality fonts from the world’s best foundries.	
字体资源	方正字库	http://www.foundertype.com/	方正字库官方网站。	
字体资源	字体传奇网	http://ziticq.com/	中国首个字体品牌设计师交流网。	
字体资源	私藏字体	http://sicangziti.com/	优质字体免费下载站。	
字体资源	Fontsquirrel	https://www.fontsquirrel.com/	FREE fonts for graphic designers.	
字体资源	Urban Fonts	https://www.urbanfonts.com/	Download Free Fonts and Free Dingbats.	
字体资源	Lost Type	http://www.losttype.com/	Lost Type is a Collaborative Digital Type Foundry.	
字体资源	FONTS2U	https://fonts2u.com/	Download free fonts for Windows and Macintosh.	
字体资源	Fontex	http://www.fontex.org/	Free Fonts to Download + Premium Typefaces.	
字体资源	FontM	http://fontm.com/	Free Fonts	
字体资源	My Fonts	http://www.myfonts.com/	Fonts for Print, Products & Screens.	
字体资源	Da Font	https://www.dafont.com/	Archive of freely downloadable fonts.	
字体资源	OnlineWebFonts	https://www.onlinewebfonts.com/	WEB Free Fonts for Windows and Mac / Font free Download.	
字体资源	Abstract Fonts	http://www.abstractfonts.com/	Abstract Fonts (13,866 free fonts).	
PPT资源	OfficePLUS	http://www.officeplus.cn/Template/Home.shtml	OfficePLUS，微软Office官方在线模板网站！	
PPT资源	优品PPT	http://www.ypppt.com/	高质量的模版，而且还有PPT图表，PPT背景图等资源。	
PPT资源	PPT+	http://www.pptplus.cn/	PPT加直播、录制和分享—PPT+语音内容分享平台。	
PPT资源	PPTMind	http://www.pptmind.com/	分享高端 ppt 模板与 keynote 模板的数字作品交易平台。	
PPT资源	tretars	http://www.tretars.com/ppt-templates	The best free Mockups from the Web.	
PPT资源	5百丁	http://ppt.500d.me/	中国领先的PPT模板共享平台。	
图形创意	photoshop	https://www.adobe.com/cn/products/photoshop.html	Photoshop不需要解释	
图形创意	Affinity Designer	https://affinity.serif.com/	专业创意软件	
图形创意	Illustrator	https://www.adobe.com/cn/products/illustrator/	矢量图形和插图。	
图形创意	indesign	http://www.adobe.com/cn/products/indesign.html	页面设计、布局和出版。	
图形创意	cinema-4d	https://www.maxon.net/en/products/cinema-4d/overview/	Cinema 4D is the perfect package for all 3D artists who want to achieve breathtaking results fast and hassle-free.	
图形创意	3ds-max	https://www.autodesk.com/products/3ds-max/overview	3D modeling, animation, and rendering software	
图形创意	Blender	https://www.blender.org/	Blender is the free and open source 3D creation suite.	
界面设计	Sketch	https://sketchapp.com/	The digital design toolkit	
界面设计	Adobe XD	http://www.adobe.com/products/xd.html	Introducing Adobe XD. Design. Prototype. Experience.	
界面设计	invisionapp	https://www.invisionapp.com/	Powerful design prototyping tools	
界面设计	marvelapp	https://marvelapp.com/	Simple design, prototyping and collaboration	
界面设计	Muse CC	https://creative.adobe.com/zh-cn/products/download/muse	无需利用编码即可进行网站设计。	
界面设计	figma	https://www.figma.com/	Design, prototype, and gather feedback all in one place with Figma.	
在线配色	khroma	http://khroma.co/generator/	Khroma is the fastest way to discover, search, and save color combos you'll want to use.	
在线配色	uigradients	https://uigradients.com	Beautiful colored gradients.	
在线配色	gradients	http://gradients.io/	Curated gradients for designers and developers.	
在线配色	Coolest	https://webkul.github.io/coolhue/	Coolest handpicked Gradient Hues for your next super ⚡ amazing stuff.	
在线配色	webgradients	https://webgradients.com/	WebGradients is a free collection of 180 linear gradients that you can use as content backdrops in any part of your website.	
在线配色	grabient	https://www.grabient.com/	2017 Grabient by unfold.	
在线配色	thedayscolor	http://www.thedayscolor.com/	The daily color digest	
在线配色	flatuicolors	http://flatuicolors.com/	Copy Paste Color Pallette from Flat UI Theme.	
在线配色	coolors	https://coolors.co/	The super fast color schemes generator!	
在线配色	colorhunt	http://www.colorhunt.co/	Beautiful Color Palettes.	
在线配色	Adobe Color CC	https://color.adobe.com/zh/create/color-wheel	Create color schemes with the color wheel or browse thousands of color combinations from the Color community.	
在线配色	flatuicolorpicker	http://www.flatuicolorpicker.com/	Best Flat Colors For UI Design.	
在线配色	trianglify	http://qrohlf.com/trianglify-generator/	Trianglify Generator.	
在线配色	klart	https://klart.co/colors/	Beautiful colors and designs to your inbox every week.	
在线配色	vanschneider	http://www.vanschneider.com/colors	Color Claim was created in 2012 by Tobias van Schneider with the goal to collect & combine unique colors for my future projects.	
迷你工具	tinypng	https://tinypng.com/	Optimize your images with a perfect balance in quality and file size.	
迷你工具	goqr	http://goqr.me/	create QR codes for free (Logo, T-Shirt, vCard, EPS).	
迷你工具	ezgif	https://ezgif.com	simple online GIF maker and toolset for basic animated GIF editing.	
迷你工具	Android 9 patch	http://inloop.github.io/shadow4android/	Android 9-patch shadow generator fully customizable shadows.	
迷你工具	screen sizes	http://screensiz.es/	Viewport Sizes and Pixel Densities for Popular Devices.	
迷你工具	base64在线解码	https://base64.icu	base64在线解码与编码	
谷歌插件	wappalyzer	https://www.wappalyzer.com/	Identify technology on websites.	
谷歌插件	Panda	http://usepanda.com/	A smart news reader built for productivity.	
谷歌插件	sizzy	https://sizzy.co/	A tool for developing responsive websites crazy-fast.	
谷歌插件	csspeeper	https://csspeeper.com/	Smart CSS viewer tailored for Designers.	
谷歌插件	insight	http://insight.io/	IDE-like code search and navigation, on the cloud.	
谷歌插件	mustsee	http://mustsee.earth/	Discover the world's most beautiful places at every opened tab.	
资讯书籍	微信读书	https://weread.qq.com/	微信读书电脑版。	
资讯书籍	书栈网	https://www.bookstack.cn/	IT 互联网开源编程书籍免费阅读与下载。	
博客论坛	Inoreader	https://www.inoreader.com/	重新掌控你的新闻订阅源。	
博客论坛	Hacker News	https://news.ycombinator.com/	一家关于计算机黑客和创业公司的社会化新闻网站。	
博客论坛	经管之家	https://bbs.pinggu.org/	国内活跃的经济、管理、金融、统计在线教育和咨询网站。	
博客论坛	阮一峰的网络日志	http://www.ruanyifeng.com/blog/	阮一峰，科技爱好者周刊。	
博客论坛	酷壳	https://www.coolshell.cn/	酷 壳 – CoolShell。	
设计规范	Design Guidelines	http://designguidelines.co/	Design Guidelines &mdash; The way products are built.	
设计规范	Awesome design systems	https://github.com/alexpate/awesome-design-systems	A collection of awesome design systems.	
设计规范	Material Design	https://material.io/guidelines/	Introduction - Material Design.	
设计规范	Human Interface Guidelines	https://developer.apple.com/ios/human-interface-guidelines	Human Interface Guidelines iOS.	
设计规范	在线图像编辑器	https://zaixianps.net/?ref=hrzhanghuan.com	在线图像编辑器	
视频教程	Photoshop Lady	http://www.photoshoplady.com/	Your Favourite Photoshop Tutorials in One Place.	
视频教程	doyoudo	http://doyoudo.com/	创意设计软件学习平台。	
视频教程	没位道	http://www.c945.com/web-ui-tutorial/	WEB UI免费视频公开课。	
视频教程	慕课网	https://www.imooc.com/	程序员的梦工厂（有UI课程）。	
